run_id,label,model,mode,monitor,graphs,extra_args,purpose
P1,Qwen3.8-27B-FP8 primary cold warn eager,Qwen3.8-27B-FP8,cold,warn,eager,"--enforce-eager",Untouched-main cold reproduction with JIT monitor warn+verbose
P2,Qwen3.8-27B-FP8 primary cold error eager,Qwen3.8-27B-FP8,cold,error,eager,"--enforce-eager",Monitor error mode acceptance test (#49349 gate)
P3,Qwen3.8-27B-FP8 independent cold repeat,Qwen3.8-27B-FP8,cold,warn,eager,"--enforce-eager",Cold-repeat determinism (>=2 independent cold runs)
P4,Qwen3.8-27B-FP8 warm reuse,Qwen3.8-27B-FP8,warm,warn,eager,"--enforce-eager",Warm-cache control reusing P1 artifacts (same RUN_ID cache)
P5,Qwen3.8-27B-FP8 cold normal graphs,Qwen3.8-27B-FP8,cold,warn,cuda-graph,"",Natural graph behavior vs eager visibility
G1,small Qwen GDN cold warn,Qwen3.5-0.8B,cold,warn,eager,"--enforce-eager",Generic-GDN control (if GDN class exercised)
G2,small Qwen GDN cold error,Qwen3.5-0.8B,cold,error,eager,"--enforce-eager",Error-mode on small GDN
G3,small Qwen GDN warm,Qwen3.5-0.8B,warm,warn,eager,"--enforce-eager",Warm reuse after G1
N1,small non-GDN cold warn,Qwen2.5-0.5B,cold,warn,eager,"--enforce-eager",Non-GDN JIT baseline control
